Id,Label,Followers
tensorflower-gardener,tensorflower-gardener,981
ezhulenev,ezhulenev,613
akuegel,akuegel,147
hawkinsp,hawkinsp,558
mihaimaruseac,mihaimaruseac,948
yongtang,yongtang,690
gunan,gunan,384
caisq,caisq,428
mrry,mrry,607
cheshire,cheshire,202
roserg,roserg,11
benoitsteiner,benoitsteiner,519
jpienaar,jpienaar,158
qlzh727,qlzh727,273
d0k,d0k,287
pifon2a,pifon2a,39
River707,River707,69
joker-eph,joker-eph,242
chsigg,chsigg,44
martinwicke,martinwicke,469
yifeif,yifeif,643
allenlavoie,allenlavoie,308
ddunl,ddunl,21
smit-hinsu,smit-hinsu,51
yangustc07,yangustc07,57
pytorchmergebot,pytorchmergebot,148
ezyang,ezyang,3569
malfet,malfet,387
zou3519,zou3519,406
jerryzh168,jerryzh168,258
cyyever,cyyever,75
soumith,soumith,13067
gchanan,gchanan,340
anijain2305,anijain2305,124
peterbell10,peterbell10,101
apaszke,apaszke,4007
suo,suo,247
Chillee,Chillee,1230
zdevito,zdevito,484
janeyx99,janeyx99,214
albanD,albanD,553
rohan-varma,rohan-varma,396
swolchok,swolchok,170
jansel,jansel,287
colesbury,colesbury,1857
desertfire,desertfire,54
huydhn,huydhn,47
angelayi,angelayi,39
eellison,eellison,52
smessmer,smessmer,71
yuriivcs,yuriivcs,1
ybaturina,ybaturina,4
meteorcloudy,meteorcloudy,254
bhatuzdaname,bhatuzdaname,12
mraunak,mraunak,1
dimvar,dimvar,63
MichaelHudgins,MichaelHudgins,3
gpupuck,gpupuck,6
beckerhe,beckerhe,21
xhochy,xhochy,643
xinxinmo,xinxinmo,4
ermilovmaxim,ermilovmaxim,0
Google-ML-Automation,Google-ML-Automation,74
jreiffers,jreiffers,26
klucke,klucke,6
olegshyshkov,olegshyshkov,14
majnemer,majnemer,129
jurahul,jurahul,11
pschuh,pschuh,22
bchetioui,bchetioui,99
nouiz,nouiz,400
WillFroom,WillFroom,1
yunxing,yunxing,167
bixia1,bixia1,17
blakehechtman,blakehechtman,13
anlunx,anlunx,44
berkinilbeyi,berkinilbeyi,4
Taritsyn,Taritsyn,135
trevski,trevski,10
wyeack,wyeack,2
trullock,trullock,56
xoofx,xoofx,1612
life777,life777,12
zhangyiatmicrosoft,zhangyiatmicrosoft,2
samjudson,samjudson,18
volkanceylan,volkanceylan,662
zonets,zonets,0
jdom,jdom,82
rwasef1830,rwasef1830,20
ssg,ssg,2447
Almeonamy,Almeonamy,2
medvjed,medvjed,0
edunmc,edunmc,5
alexanderkozlenko,alexanderkozlenko,0
cdmackie,cdmackie,18
gep13,gep13,414
hpetriffer,hpetriffer,1
nelutzu91,nelutzu91,1
JamesHough,JamesHough,1
Julie-House,Julie-House,2
icnocop,icnocop,43
cabralRodrigo,cabralRodrigo,3
giroletm,giroletm,11
lattner,lattner,11447
topperc,topperc,180
RKSimon,RKSimon,139
arsenm,arsenm,553
espindola,espindola,118
MaskRay,MaskRay,3202
rotateright,rotateright,44
tkremenek,tkremenek,1277
ddunbar,ddunbar,767
DougGregor,DougGregor,2355
nikic,nikic,6453
kazutakahirata,kazutakahirata,16
zygoloid,zygoloid,291
rui314,rui314,6496
fhahn,fhahn,170
nico,nico,281
chandlerc,chandlerc,1540
isanbard,isanbard,31
echristo,echristo,68
dwblaikie,dwblaikie,30
klausler,klausler,22
rnk,rnk,116
chapuni,chapuni,66
JDevlieghere,JDevlieghere,468
patrick-kidger,patrick-kidger,2794
knyazer,knyazer,10
brentyi,brentyi,426
phinate,phinate,53
ojw28,ojw28,347
afrozenator,afrozenator,284
alexfanqi,alexfanqi,52
asford,asford,47
ar0ck,ar0ck,6
norpadon,norpadon,30
liudangyi,liudangyi,111
jaraujo98,jaraujo98,13
jeertmans,jeertmans,98
murphyk,murphyk,1644
z4m0,z4m0,13
mattjj,mattjj,2039
groszewn,groszewn,4
nimashoghi,nimashoghi,44
padix-key,padix-key,67
peterroelants,peterroelants,267
superbobry,superbobry,552
jjyyxx,jjyyxx,0
ZacCranko,ZacCranko,51
baluyotraf,baluyotraf,26
danielward27,danielward27,29
tomnatan30,tomnatan30,6
bartchr808,bartchr808,64
gribozavr,gribozavr,297
GleasonK,GleasonK,161
durin42,durin42,47
ZixuanJiang,ZixuanJiang,36
abhigunj,abhigunj,6
Varcho,Varcho,7
slackito,slackito,25
ghpvnist,ghpvnist,20
metaflow,metaflow,40
sdasgup3,sdasgup3,129
krasimirgg,krasimirgg,5
jordiae,jordiae,39
vam-google,vam-google,33
melissawm,melissawm,674
pravnar,pravnar,5
belitskiy,belitskiy,10
amyreese,amyreese,646
dependabot[bot],dependabot[bot],0
jamesbhobbs,jamesbhobbs,45
saltenasl,saltenasl,20
Artmann,Artmann,66
renovate[bot],renovate[bot],0
tkislan,tkislan,93
dinohamzic,dinohamzic,15
Yggdrasill501,Yggdrasill501,28
jankuca,jankuca,85
andyjakubowski,andyjakubowski,44
FilipPyrek,FilipPyrek,46
OlegWock,OlegWock,150
axaysagathiya,axaysagathiya,6
equiet,equiet,44
m1so,m1so,12
zdenekornst,zdenekornst,3
zefhemel,zefhemel,348
MrMugame,MrMugame,13
Maarrk,Maarrk,0
mjf,mjf,0
lochel,lochel,29
sinansonmez,sinansonmez,34
onespaceman,onespaceman,6
jimt,jimt,44
joekrill,joekrill,10
lutzky,lutzky,55
tristansokol,tristansokol,39
Willyfrog,Willyfrog,51
justyns,justyns,34
hanzei,hanzei,88
wbhouston,wbhouston,0
janssen-io,janssen-io,6
mschmidtkorth,mschmidtkorth,13
gorootde,gorootde,12
ishehadeh,ishehadeh,16
ahmednreldin,ahmednreldin,34
zeus-web,zeus-web,0
johnlunney,johnlunney,42
costalfy,costalfy,16
mufeedali,mufeedali,23
plkumjorn,plkumjorn,17
srush,srush,3805
eyalzk,eyalzk,37
fchollet,fchollet,17808
haifeng-jin,haifeng-jin,722
farizrahman4u,farizrahman4u,1084
mattdangerw,mattdangerw,212
chenmoneygithub,chenmoneygithub,104
hertschuh,hertschuh,31
taehoonlee,taehoonlee,452
james77777778,james77777778,40
gabrieldemarmiesse,gabrieldemarmiesse,352
nkovela1,nkovela1,15
sampathweb,sampathweb,220
SamuelMarks,SamuelMarks,177
ozabluda,ozabluda,18
Frightera,Frightera,291
rchao,rchao,32
EderSantana,EderSantana,707
phreeza,phreeza,74
wxs,wxs,127
Faisal-Alsrheed,Faisal-Alsrheed,16
divyashreepathihalli,divyashreepathihalli,115
sachinprasadhs,sachinprasadhs,53
grasskin,grasskin,139
maxpumperla,maxpumperla,1007
aws-sdk-python-automation,aws-sdk-python-automation,112
jamesls,jamesls,619
awstools,awstools,68
kyleknap,kyleknap,221
JordonPhillips,JordonPhillips,145
garnaat,garnaat,498
joguSD,joguSD,26
nateprewitt,nateprewitt,372
stealthycoin,stealthycoin,52
rayluo,rayluo,70
danielgtaylor,danielgtaylor,514
mtdowling,mtdowling,917
toastdriven,toastdriven,954
dstufft,dstufft,1245
quiver,quiver,33
kdaily,kdaily,102
swetashre,swetashre,66
dlm6693,dlm6693,21
jdufresne,jdufresne,318
drocamor,drocamor,39
sujaymansingh,sujaymansingh,14
Jc2k,Jc2k,148
mfulleratlassian,mfulleratlassian,13
Fale,Fale,97
eukaryote,eukaryote,30
mateiz,mateiz,2058
rxin,rxin,2804
HyukjinKwon,HyukjinKwon,677
cloud-fan,cloud-fan,649
dongjoon-hyun,dongjoon-hyun,892
pwendell,pwendell,226
MaxGekk,MaxGekk,161
viirya,viirya,458
srowen,srowen,1534
tdas,tdas,477
JoshRosen,JoshRosen,608
zsxwing,zsxwing,1027
sarutak,sarutak,48
gatorsmile,gatorsmile,700
wangyum,wangyum,255
gengliangwang,gengliangwang,141
liancheng,liancheng,997
mengxr,mengxr,354
zhengruifeng,zhengruifeng,231
yaooqinn,yaooqinn,404
yanboliang,yanboliang,260
marmbrus,marmbrus,317
ueshin,ueshin,147
maropu,maropu,271
ankurdave,ankurdave,332
amacrutherford,amacrutherford,13
mttga,mttga,23
benellis3,benellis3,11
lupuandr,lupuandr,14
luchris429,luchris429,205
gardarjuto,gardarjuto,2
tindiz,tindiz,7
ravihammond,ravihammond,36
schroederdewitt-prog,schroederdewitt-prog,0
fedebotu,fedebotu,227
jonathan-cook235,jonathan-cook235,2
ali-shihab,ali-shihab,11
Aidandos,Aidandos,10
alexunderch,alexunderch,33
Dronie,Dronie,10
EmptyJackson,EmptyJackson,73
Chulabhaya,Chulabhaya,6
fracapuano,fracapuano,124
mimoralea,mimoralea,353
mahi97,mahi97,188
syrkis,syrkis,47
Howuhh,Howuhh,206
hy-kiera,hy-kiera,25
minqi,minqi,212
schroederdewitt,schroederdewitt,50
gobbleturk,gobbleturk,17
raymondzouu,raymondzouu,6
khatwanimohit,khatwanimohit,8
michelle-yooh,michelle-yooh,1
tonyjohnchen,tonyjohnchen,1
Obliviour,Obliviour,13
priyanka-ganesha,priyanka-ganesha,0
A9isha,A9isha,7
RissyRan,RissyRan,15
chajath,chajath,26
SurbhiJainUSC,SurbhiJainUSC,9
ZhiyuLi-goog,ZhiyuLi-goog,0
aireenmei,aireenmei,4
abhinavgoel95,abhinavgoel95,9
ssusie,ssusie,4
shahyash10,shahyash10,10
RoshaniN,RoshaniN,2
morgandu,morgandu,17
patemotter,patemotter,25
golechwierowicz,golechwierowicz,19
jonb377,jonb377,6
NinaCai,NinaCai,4
anfals,anfals,6
mitalisi,mitalisi,0
mariecwhite,mariecwhite,7
GMNGeoffrey,GMNGeoffrey,65
JonathanRaiman,JonathanRaiman,224
kswersky,kswersky,75
annagoldie,annagoldie,30
NorthStar,NorthStar,20
martinmaas,martinmaas,20
AntoinePrv,AntoinePrv,99
gasse,gasse,63
dchetelat,dchetelat,24
aurelienserre,aurelienserre,8
lascavana,lascavana,13
WerWolv,WerWolv,2955
iTrooz,iTrooz,139
paxcut,paxcut,23
WerWolvTranslationBot,WerWolvTranslationBot,5
Diadlo,Diadlo,115
jumanji144,jumanji144,41
jonathanspw,jonathanspw,59
SparkyTD,SparkyTD,6
PredatorCZ,PredatorCZ,107
BioTheWolff,BioTheWolff,29
xtexx,xtexx,157
KOLANICH,KOLANICH,133
LennardF1989,LennardF1989,57
roblabla,roblabla,254
5idereal,5idereal,57
qux-bbb,qux-bbb,26
jam1garner,jam1garner,336
marysaka,marysaka,649
csnover,csnover,577
Berylskid,Berylskid,1
averne,averne,40
fosterbrereton,fosterbrereton,41
mentlerd,mentlerd,18
umarcor,umarcor,208
wardwouts,wardwouts,9
widlarizer,widlarizer,41
pmeier,pmeier,209
NicolasHug,NicolasHug,867
datumbox,datumbox,491
fmassa,fmassa,1169
vfdev-5,vfdev-5,329
atalman,atalman,61
prabhat00155,prabhat00155,21
oke-aditya,oke-aditya,198
frgfm,frgfm,231
alykhantejani,alykhantejani,236
jdsgomes,jdsgomes,7
YosuaMichael,YosuaMichael,6
peterjc123,peterjc123,327
bjuncek,bjuncek,25
osalpekar,osalpekar,76
ekagra-ranjan,ekagra-ranjan,76
surgan12,surgan12,55
seemethere,seemethere,327
andfoy,andfoy,215
zhiqwang,zhiqwang,370
chsasank,chsasank,395
adamjstewart,adamjstewart,337
WoosukKwon,WoosukKwon,1237
zhuohan123,zhuohan123,1519
Yard1,Yard1,369
simon-mo,simon-mo,974
beginlner,beginlner,263
LiuXiaoxuanPKU,LiuXiaoxuanPKU,424
esmeetu,esmeetu,48
HermitSun,HermitSun,69
Sanster,Sanster,724
gesanqiu,gesanqiu,69
chenxu2048,chenxu2048,83
twaka,twaka,0
WrRan,WrRan,65
yasong677,yasong677,0
yunfeng-scale,yunfeng-scale,5
tjtanaa,tjtanaa,55
ronensc,ronensc,8
mspronesti,mspronesti,140
eltociear,eltociear,1436
wanmok,wanmok,28
ymwangg,ymwangg,20
chu-tianxiang,chu-tianxiang,60
ftgreat,ftgreat,33
explainerauthors,explainerauthors,0
codethazine,codethazine,21
kshitij12345,kshitij12345,91
Yangqing,Yangqing,7867
LebedevRI,LebedevRI,93
jfreax,jfreax,31
timshen91,timshen91,206
jblespiau,jblespiau,12
meheffernan,meheffernan,5
skye,skye,244
chr1sj0nes,chr1sj0nes,269
hanbinyoon,hanbinyoon,20
ptillet,ptillet,627
Jokeren,Jokeren,579
daadaada,daadaada,157
zahimoud,zahimoud,12
ThomasRaoux,ThomasRaoux,109
madeleineth,madeleineth,0
shintaro-iwasaki,shintaro-iwasaki,31
hauntsaninja,hauntsaninja,936
udi-barzilai,udi-barzilai,3
LyricZhao,LyricZhao,1937
gflegar,gflegar,50
sophiawisdom,sophiawisdom,88
ingomueller-net,ingomueller-net,31
Superjomn,Superjomn,236
nishantsikarwar,nishantsikarwar,27
dfukalov,dfukalov,6
pommedeterresautee,pommedeterresautee,448
sharadmv,sharadmv,277
yuguo68,yuguo68,2
jack-willturner,jack-willturner,71
nicolasvasilache,nicolasvasilache,255
stellaraccident,stellaraccident,256
rsuderman,rsuderman,16
hcindyl,hcindyl,9
ScottTodd,ScottTodd,106
not-jenni,not-jenni,7
raikonenfnu,raikonenfnu,23
powderluv,powderluv,63
wangkuiyi,wangkuiyi,1291
qcolombet,qcolombet,28
silvasean,silvasean,56
NatashaKnk,NatashaKnk,2
benvanik,benvanik,938
hanhanW,hanhanW,75
pzread,pzread,130
julianwa,julianwa,52
MaheshRavishankar,MaheshRavishankar,52
phoenix-meadowlark,phoenix-meadowlark,6
sanjoy,sanjoy,312
laszlokindrat,laszlokindrat,15
zbowling,zbowling,241
ZolotukhinM,ZolotukhinM,27
abduld,abduld,213
salexspb,salexspb,17
dukebw,dukebw,112
dhillondeep,dhillondeep,59
akirchhoff-modular,akirchhoff-modular,3
pkanwar23,pkanwar23,17
aartbik,aartbik,355
ftynse,ftynse,214
xgupta,xgupta,6
sylvestre,sylvestre,625
Lewuathe,Lewuathe,405
brettkoonce,brettkoonce,74
bhack,bhack,177
richard-uhler,richard-uhler,3
mjp41,mjp41,98
antiagainst,antiagainst,1370
jrfonseca,jrfonseca,205
jroelofs,jroelofs,53
ido,ido,264
harahu,harahu,19
FlashSheridan,FlashSheridan,21
cota,cota,34
psyhtest,psyhtest,49
stephenneuendorffer,stephenneuendorffer,58
ajarthurs,ajarthurs,1
marbre,marbre,37
bsarden,bsarden,6
byronyi,byronyi,352
cathyzhyi,cathyzhyi,13
harsh-nod,harsh-nod,5
saeta,saeta,284
mikeurbach,mikeurbach,33
ElectrikSpace,ElectrikSpace,11
superlopuh,superlopuh,74
math-fehr,math-fehr,110
PapyChacal,PapyChacal,13
alexarice,alexarice,38
AntonLydike,AntonLydike,45
n-io,n-io,1
webmiche,webmiche,9
compor,compor,40
tobiasgrosser,tobiasgrosser,154
dshaaban01,dshaaban01,8
georgebisbas,georgebisbas,37
EdmundGoodman,EdmundGoodman,51
kingiler,kingiler,2
mesham,mesham,27
jumerckx,jumerckx,13
dk949,dk949,4
kayode-gif,kayode-gif,2
jorendumoulin,jorendumoulin,0
qaco,qaco,10
Moxinilian,Moxinilian,83
emmau678,emmau678,2
Jimmy2027,Jimmy2027,6
KGrykiel,KGrykiel,4
ps2,ps2,306
marionbarker,marionbarker,47
darinkrauss,darinkrauss,8
dnzxy,dnzxy,25
bjornoleh,bjornoleh,8
billybooth,billybooth,3
bastiaanv,bastiaanv,27
bastienmoulia,bastienmoulia,14
bill-foreflight,bill-foreflight,2
Camji55,Camji55,71
dekimsey,dekimsey,25
elnjensen,elnjensen,37
MikePlante1,MikePlante1,3
SwiftlyNoah,SwiftlyNoah,12
sethgagnon,sethgagnon,5
soupytwist,soupytwist,12
akov,akov,11
cclauss,cclauss,5066
dominichamon,dominichamon,0
proinsias,proinsias,31
jayvdb,jayvdb,582
mik-laj,mik-laj,0
kianmeng,kianmeng,150
lc0,lc0,107
williamjamir,williamjamir,78
bronevet-abc,bronevet-abc,0
